<?xml version="1.0" encoding="UTF-8"?>
<jax-ws xmlns="http://www.netbeans.org/ns/jax-ws/1">
  <services>
    <service name="QuestionWS">
      <implementation-class>stackexchange.webservice.QuestionWS</implementation-class>
    </service>
    <service name="AnswerWS">
      <implementation-class>stackexchange.webservice.AnswerWS</implementation-class>
    </service>
    <service name="UserWS">
      <implementation-class>stackexchange.webservice.UserWS</implementation-class>
    </service>
  </services>
  <clients>
  </clients>
</jax-ws>
