<?xml version="1.0" encoding="UTF-8"?>
<project-private xmlns="http://www.netbeans.org/ns/project-private/1">
    <editor-bookmarks xmlns="http://www.netbeans.org/ns/editor-bookmarks/2" lastBookmarkId="0"/>
    <open-files xmlns="http://www.netbeans.org/ns/projectui-open-files/2">
        <group>
            <file>file:/C:/Users/Alex/Desktop/New%20Folder/IF3110-2015-T2/stack_exchange_netbeans/src/java/org/stackexchange/controller/AddAnswerServlet.java</file>
            <file>file:/C:/Users/Alex/Desktop/New%20Folder/IF3110-2015-T2/stack_exchange_netbeans/src/java/org/stackexchange/controller/CheckAddQuestionServlet.java</file>
            <file>file:/C:/Users/Alex/Desktop/New%20Folder/IF3110-2015-T2/stack_exchange_netbeans/src/java/org/stackexchange/controller/UpVoteAnswerServlet.java</file>
            <file>file:/C:/Users/Alex/Desktop/New%20Folder/IF3110-2015-T2/stack_exchange_netbeans/src/java/org/stackexchange/webservice/service/TokenService.java</file>
            <file>file:/C:/Users/Alex/Desktop/New%20Folder/IF3110-2015-T2/stack_exchange_netbeans/src/java/org/stackexchange/controller/AddNewQuestionServlet.java</file>
            <file>file:/C:/Users/Alex/Desktop/New%20Folder/IF3110-2015-T2/stack_exchange_netbeans/src/java/org/stackexchange/webservice/helper/ConnectionHelper.java</file>
            <file>file:/C:/Users/Alex/Desktop/New%20Folder/IF3110-2015-T2/stack_exchange_netbeans/src/java/org/stackexchange/controller/IndexServlet.java</file>
        </group>
    </open-files>
</project-private>
