<?xml version="1.0" encoding="UTF-8"?><!--
        *** GENERATED FROM jax-ws.xml - DO NOT EDIT !                             ***
        *** TO MODIFY wsimport options USE Web Service node -> Edit WS Attributes ***
        *** TO CHANGE TARGETS GENERATED TO jaxws-build.xml COPY THOSE             ***
        *** TARGETS TO ../build.xml AND MODIFY THAT FILE INSTEAD                  ***

        --><project xmlns:xalan="http://xml.apache.org/xslt" xmlns:webproject2="http://www.netbeans.org/ns/web-project/2" xmlns:jaxws="http://www.netbeans.org/ns/jax-ws/1">
    <!--
                ===================
                JAX-WS WSGEN SECTION
                ===================
            -->
    <!--
                ===================
                JAX-WS WSIMPORT SECTION
                ===================
            -->
    <target name="wsimport-init" depends="init">
        <fail if="${wsimport.bad.version}" message="WsImport ant task defined in the classpath ${j2ee.platform.wsimport.classpath} has a serious bug. See http://wiki.netbeans.org/MetroIssue for details."/>
        <mkdir dir="${build.generated.sources.dir}/jax-ws"/>
        <property name="j2ee.platform.wsimport.classpath" value="${libs.jaxws21.classpath}"/>
        <taskdef name="wsimport" classname="com.sun.tools.ws.ant.WsImport">
            <classpath path="${java.home}/../lib/tools.jar:${j2ee.platform.wsimport.classpath}:${javac.classpath}"/>
        </taskdef>
        <condition property="conf-dir" value="${conf.dir}/" else="">
            <isset property="conf.dir"/>
        </condition>
    </target>
    <target name="wsimport-client-UserWS" depends="wsimport-init">
        <mkdir dir="${build.generated.dir}/jax-wsCache/UserWS"/>
        <wsimport sourcedestdir="${build.generated.dir}/jax-wsCache/UserWS" destdir="${build.generated.dir}/jax-wsCache/UserWS" wsdl="${basedir}/${conf-dir}xml-resources/web-service-references/UserWS/wsdl/localhost_8081/StackExchange-WebService/UserWS.wsdl" catalog="catalog.xml" encoding="${source.encoding}" extension="true" verbose="true" fork="false" wsdlLocation="http://localhost:8081/StackExchange-WebService/UserWS?wsdl" xnocompile="true" xendorsed="true">
            <depends file="${basedir}/${conf-dir}xml-resources/web-service-references/UserWS/wsdl/localhost_8081/StackExchange-WebService/UserWS.wsdl"/>
            <produces dir="${build.generated.dir}/jax-wsCache/UserWS"/>
        </wsimport>
        <copy todir="${build.generated.sources.dir}/jax-ws">
            <fileset dir="${build.generated.dir}/jax-wsCache/UserWS">
                <include name="**/*.java"/>
            </fileset>
        </copy>
    </target>
    <target name="wsimport-client-clean-UserWS" depends="-init-project">
        <delete dir="${build.generated.sources.dir}/jax-ws/stackexchange/webservice"/>
        <delete dir="${build.generated.dir}/jax-wsCache/UserWS"/>
    </target>
    <target name="wsimport-client-QuestionWS" depends="wsimport-init">
        <mkdir dir="${build.generated.dir}/jax-wsCache/QuestionWS"/>
        <wsimport sourcedestdir="${build.generated.dir}/jax-wsCache/QuestionWS" destdir="${build.generated.dir}/jax-wsCache/QuestionWS" wsdl="${basedir}/${conf-dir}xml-resources/web-service-references/QuestionWS/wsdl/localhost_8081/StackExchange-WebService/QuestionWS.wsdl" catalog="catalog.xml" encoding="${source.encoding}" extension="true" verbose="true" fork="false" wsdlLocation="http://localhost:8081/StackExchange-WebService/QuestionWS?wsdl" xnocompile="true" xendorsed="true">
            <depends file="${basedir}/${conf-dir}xml-resources/web-service-references/QuestionWS/wsdl/localhost_8081/StackExchange-WebService/QuestionWS.wsdl"/>
            <produces dir="${build.generated.dir}/jax-wsCache/QuestionWS"/>
        </wsimport>
        <copy todir="${build.generated.sources.dir}/jax-ws">
            <fileset dir="${build.generated.dir}/jax-wsCache/QuestionWS">
                <include name="**/*.java"/>
            </fileset>
        </copy>
    </target>
    <target name="wsimport-client-clean-QuestionWS" depends="-init-project">
        <delete dir="${build.generated.sources.dir}/jax-ws/stackexchange/webservice"/>
        <delete dir="${build.generated.dir}/jax-wsCache/QuestionWS"/>
    </target>
    <target name="wsimport-client-AnswerWS" depends="wsimport-init">
        <mkdir dir="${build.generated.dir}/jax-wsCache/AnswerWS"/>
        <wsimport sourcedestdir="${build.generated.dir}/jax-wsCache/AnswerWS" destdir="${build.generated.dir}/jax-wsCache/AnswerWS" wsdl="${basedir}/${conf-dir}xml-resources/web-service-references/AnswerWS/wsdl/localhost_8081/StackExchange-WebService/AnswerWS.wsdl" catalog="catalog.xml" encoding="${source.encoding}" extension="true" verbose="true" fork="false" wsdlLocation="http://localhost:8081/StackExchange-WebService/AnswerWS?wsdl" xnocompile="true" xendorsed="true">
            <depends file="${basedir}/${conf-dir}xml-resources/web-service-references/AnswerWS/wsdl/localhost_8081/StackExchange-WebService/AnswerWS.wsdl"/>
            <produces dir="${build.generated.dir}/jax-wsCache/AnswerWS"/>
        </wsimport>
        <copy todir="${build.generated.sources.dir}/jax-ws">
            <fileset dir="${build.generated.dir}/jax-wsCache/AnswerWS">
                <include name="**/*.java"/>
            </fileset>
        </copy>
    </target>
    <target name="wsimport-client-clean-AnswerWS" depends="-init-project">
        <delete dir="${build.generated.sources.dir}/jax-ws/stackexchange/webservice"/>
        <delete dir="${build.generated.dir}/jax-wsCache/AnswerWS"/>
    </target>
    <target name="wsimport-client-generate" depends="wsimport-client-UserWS, wsimport-client-QuestionWS, wsimport-client-AnswerWS"/>
</project>
